Date,Open,High,Low,Close,Volume,Dividends,Stock Splits
2026-03-30 00:00:00-04:00,116.13999938964844,116.87000274658203,111.5,112.77999877929688,15053,0.0,0.0
2026-03-31 00:00:00-04:00,114.7300033569336,119.2699966430664,111.0,118.3499984741211,69949,0.0,0.0
2026-04-01 00:00:00-04:00,103.9000015258789,105.9000015258789,98.45999908447266,101.16000366210938,61629,0.0,0.0
2026-04-02 00:00:00-04:00,100.30000305175781,109.70999908447266,99.0199966430664,109.02999877929688,0,0.0,0.0
2026-04-06 00:00:00-04:00,109.19999694824219,111.87000274658203,106.8499984741211,109.7699966430664,27863,0.0,0.0
2026-04-07 00:00:00-04:00,109.58999633789062,111.80000305175781,104.56999969482422,109.2699966430664,65194,0.0,0.0
2026-04-08 00:00:00-04:00,103.4000015258789,104.0,90.01000213623047,94.75,82140,0.0,0.0
2026-04-09 00:00:00-04:00,96.52999877929688,99.5199966430664,94.33999633789062,95.91999816894531,54501,0.0,0.0
2026-04-10 00:00:00-04:00,96.37999725341797,98.25,94.23999786376953,95.19999694824219,35012,0.0,0.0
2026-04-13 00:00:00-04:00,99.70999908447266,103.86000061035156,97.63999938964844,99.36000061035156,50559,0.0,0.0
2026-04-14 00:00:00-04:00,98.41999816894531,99.41000366210938,94.43000030517578,94.79000091552734,40991,0.0,0.0
2026-04-15 00:00:00-04:00,95.5199966430664,96.88999938964844,91.0,94.93000030517578,41928,0.0,0.0
2026-04-16 00:00:00-04:00,94.91000366210938,99.83999633789062,94.41999816894531,99.38999938964844,36540,0.0,0.0
2026-04-17 00:00:00-04:00,98.25,98.97000122070312,86.08000183105469,90.37999725341797,85233,0.0,0.0
2026-04-20 00:00:00-04:00,96.20999908447266,97.80999755859375,92.7699966430664,95.4800033569336,46389,0.0,0.0
2026-04-21 00:00:00-04:00,93.98999786376953,101.1500015258789,93.87000274658203,98.4800033569336,50039,0.0,0.0
2026-04-22 00:00:00-04:00,98.9000015258789,102.30999755859375,96.54000091552734,101.91000366210938,39837,0.0,0.0
2026-04-23 00:00:00-04:00,101.58000183105469,107.36000061035156,101.27999877929688,105.06999969482422,54489,0.0,0.0
2026-04-24 00:00:00-04:00,106.27999877929688,107.45999908447266,103.4000015258789,105.33000183105469,52646,0.0,0.0
2026-04-27 00:00:00-04:00,106.5,109.79000091552734,105.8499984741211,108.2300033569336,29439,0.0,0.0
2026-04-28 00:00:00-04:00,108.30000305175781,112.69000244140625,107.91999816894531,111.26000213623047,23451,0.0,0.0
2026-04-29 00:00:00-04:00,111.01000213623047,120.30000305175781,110.20999908447266,118.02999877929688,18031,0.0,0.0
2026-04-30 00:00:00-04:00,119.9800033569336,126.0999984741211,113.0,114.01000213623047,58572,0.0,0.0
2026-05-01 00:00:00-04:00,111.01000213623047,112.43000030517578,106.2699966430664,108.16999816894531,40576,0.0,0.0
2026-05-04 00:00:00-04:00,107.12999725341797,115.25,105.66000366210938,114.44000244140625,67567,0.0,0.0
2026-05-05 00:00:00-04:00,113.81999969482422,114.44999694824219,109.5999984741211,109.87000274658203,39713,0.0,0.0
2026-05-06 00:00:00-04:00,110.44999694824219,110.44999694824219,96.7300033569336,101.2699966430664,61814,0.0,0.0
2026-05-07 00:00:00-04:00,101.52999877929688,103.41000366210938,96.06999969482422,100.05999755859375,62847,0.0,0.0
2026-05-08 00:00:00-04:00,103.55999755859375,103.95999908447266,99.54000091552734,101.29000091552734,34316,0.0,0.0
2026-05-11 00:00:00-04:00,104.0,106.0,102.81999969482422,104.20999908447266,35359,0.0,0.0
2026-05-12 00:00:00-04:00,104.5,108.41999816894531,104.11000061035156,107.7699966430664,30738,0.0,0.0
2026-05-13 00:00:00-04:00,107.73999786376953,108.30999755859375,105.30999755859375,105.62999725341797,27718,0.0,0.0
2026-05-14 00:00:00-04:00,105.63999938964844,107.08000183105469,103.86000061035156,105.72000122070312,27529,0.0,0.0
2026-05-15 00:00:00-04:00,106.56999969482422,109.7300033569336,106.05000305175781,109.26000213623047,26518,0.0,0.0
2026-05-18 00:00:00-04:00,109.61000061035156,112.69000244140625,106.87000274658203,112.0999984741211,46404,0.0,0.0
2026-05-19 00:00:00-04:00,109.55000305175781,111.79000091552734,108.9000015258789,111.27999877929688,29390,0.0,0.0
2026-05-20 00:00:00-04:00,111.20999908447266,111.5,103.27999877929688,105.0199966430664,53332,0.0,0.0
2026-05-21 00:00:00-04:00,105.20999908447266,109.30999755859375,102.16000366210938,102.58000183105469,51232,0.0,0.0
2026-05-22 00:00:00-04:00,104.5199966430664,106.3499984741211,101.37999725341797,103.54000091552734,35039,0.0,0.0
2026-05-26 00:00:00-04:00,100.55000305175781,100.75,95.93000030517578,99.58000183105469,37926,0.0,0.0
2026-05-27 00:00:00-04:00,99.4000015258789,99.86000061035156,94.1500015258789,94.29000091552734,20553,0.0,0.0
2026-05-28 00:00:00-04:00,94.97000122070312,98.16000366210938,92.55999755859375,93.70999908447266,9881,0.0,0.0
2026-05-29 00:00:00-04:00,93.37000274658203,94.01000213623047,91.45999908447266,92.05000305175781,39308,0.0,0.0
2026-06-01 00:00:00-04:00,92.41000366210938,97.80000305175781,92.37000274658203,94.9800033569336,57796,0.0,0.0
2026-06-02 00:00:00-04:00,95.4000015258789,96.26000213623047,92.81999969482422,96.0,40210,0.0,0.0
2026-06-03 00:00:00-04:00,96.06999969482422,99.0,96.04000091552734,97.80999755859375,40867,0.0,0.0
2026-06-04 00:00:00-04:00,97.43000030517578,97.56999969482422,93.91999816894531,95.02999877929688,34844,0.0,0.0
2026-06-05 00:00:00-04:00,95.06999969482422,95.9000015258789,92.68000030517578,93.08999633789062,36817,0.0,0.0
2026-06-08 00:00:00-04:00,95.5,98.05000305175781,93.66999816894531,94.25,36849,0.0,0.0
2026-06-09 00:00:00-04:00,94.33999633789062,94.5199966430664,89.58999633789062,91.44999694824219,42857,0.0,0.0
2026-06-10 00:00:00-04:00,92.26000213623047,94.7300033569336,90.79000091552734,93.0999984741211,39760,0.0,0.0
2026-06-11 00:00:00-04:00,94.87999725341797,96.36000061035156,88.4000015258789,90.37999725341797,46406,0.0,0.0
2026-06-12 00:00:00-04:00,89.2300033569336,89.87000274658203,85.80000305175781,87.33000183105469,34732,0.0,0.0
2026-06-15 00:00:00-04:00,85.0199966430664,85.29000091552734,82.4000015258789,83.16999816894531,28907,0.0,0.0
2026-06-16 00:00:00-04:00,83.55000305175781,83.80000305175781,78.44999694824219,78.95999908447266,30801,0.0,0.0
2026-06-17 00:00:00-04:00,79.19999694824219,82.9800033569336,77.7699966430664,79.55000305175781,25919,0.0,0.0
2026-06-18 00:00:00-04:00,78.3499984741211,80.04000091552734,76.58000183105469,79.8499984741211,31186,0.0,0.0
2026-06-22 00:00:00-04:00,82.20999908447266,82.37999725341797,77.2699966430664,77.9000015258789,46574,0.0,0.0
2026-06-23 00:00:00-04:00,78.05999755859375,78.33999633789062,76.44000244140625,77.08000183105469,22797,0.0,0.0
2026-06-24 00:00:00-04:00,77.0,77.0,73.08000183105469,73.73999786376953,32834,0.0,0.0
2026-06-25 00:00:00-04:00,73.0999984741211,75.83999633789062,72.08000183105469,75.26000213623047,27477,0.0,0.0
2026-06-26 00:00:00-04:00,74.94000244140625,75.12000274658203,71.4000015258789,71.98999786376953,19425,0.0,0.0
2026-06-29 00:00:00-04:00,73.16999816894531,73.4800033569336,71.87000274658203,73.1500015258789,8613,0.0,0.0
2026-06-30 00:00:00-04:00,72.69999694824219,73.52999877929688,72.12000274658203,72.91999816894531,39706,0.0,0.0
2026-07-01 00:00:00-04:00,73.37999725341797,73.5199966430664,71.04000091552734,71.56999969482422,37629,0.0,0.0
2026-07-02 00:00:00-04:00,71.08999633789062,71.91000366210938,70.13999938964844,71.80000305175781,0,0.0,0.0
2026-07-06 00:00:00-04:00,71.87000274658203,72.58999633789062,71.02999877929688,71.98999786376953,46238,0.0,0.0
2026-07-07 00:00:00-04:00,72.11000061035156,76.3499984741211,72.05999755859375,74.16000366210938,58154,0.0,0.0
2026-07-08 00:00:00-04:00,75.98999786376953,80.56999969482422,75.44999694824219,78.0199966430664,96042,0.0,0.0
2026-07-09 00:00:00-04:00,79.37999725341797,79.37999725341797,75.5999984741211,76.30000305175781,47817,0.0,0.0
2026-07-10 00:00:00-04:00,75.97000122070312,77.55999755859375,75.30999755859375,76.01000213623047,39537,0.0,0.0
2026-07-13 00:00:00-04:00,78.05000305175781,83.86000061035156,77.27999877929688,83.30000305175781,61577,0.0,0.0
2026-07-14 00:00:00-04:00,83.29000091552734,87.54000091552734,83.04000091552734,84.7300033569336,115669,0.0,0.0
2026-07-15 00:00:00-04:00,85.20999908447266,86.52999877929688,83.33999633789062,84.94999694824219,52882,0.0,0.0
2026-07-16 00:00:00-04:00,85.22000122070312,86.26000213623047,83.83000183105469,84.2300033569336,39917,0.0,0.0
2026-07-17 00:00:00-04:00,84.88999938964844,88.31999969482422,83.70999908447266,88.0999984741211,30997,0.0,0.0
2026-07-20 00:00:00-04:00,89.01000213623047,91.43000030517578,86.13999938964844,89.22000122070312,50407,0.0,0.0
2026-07-21 00:00:00-04:00,88.88999938964844,91.97000122070312,87.87999725341797,91.01000213623047,43104,0.0,0.0
2026-07-22 00:00:00-04:00,91.51000213623047,95.45999908447266,91.31999969482422,94.06999969482422,55526,0.0,0.0
2026-07-23 00:00:00-04:00,95.23999786376953,102.01000213623047,94.87999725341797,100.69000244140625,48567,0.0,0.0
2026-07-24 00:00:00-04:00,100.91000366210938,101.16000366210938,95.13999938964844,96.77999877929688,33923,0.0,0.0
2026-07-27 00:00:00-04:00,93.88999938964844,93.88999938964844,87.44999694824219,88.36000061035156,34887,0.0,0.0
2026-07-28 00:00:00-04:00,87.98999786376953,88.02999877929688,82.51000213623047,84.08999633789062,32213,0.0,0.0
2026-07-29 00:00:00-04:00,84.94999694824219,91.05000305175781,84.94999694824219,90.73999786376953,22489,0.0,0.0
2026-07-30 00:00:00-04:00,90.48999786376953,93.13999938964844,88.8499984741211,89.02999877929688,6854,0.0,0.0
2026-07-31 00:00:00-04:00,89.37999725341797,90.58000183105469,87.0,90.12000274658203,46811,0.0,0.0
2026-08-03 00:00:00-04:00,83.36000061035156,84.6500015258789,81.8499984741211,83.7699966430664,38780,0.0,0.0
2026-08-04 00:00:00-04:00,83.58000183105469,86.33000183105469,78.69000244140625,79.36000061035156,64851,0.0,0.0
2026-08-05 00:00:00-04:00,78.93000030517578,80.93000030517578,78.12999725341797,79.44999694824219,43282,0.0,0.0
2026-08-06 00:00:00-04:00,79.43000030517578,83.7699966430664,78.9800033569336,82.48999786376953,40651,0.0,0.0
2026-08-07 00:00:00-04:00,83.33000183105469,84.38999938964844,81.5,83.55000305175781,37626,0.0,0.0
2026-08-10 00:00:00-04:00,83.55999755859375,87.91999816894531,83.33999633789062,87.72000122070312,30023,0.0,0.0
2026-08-11 00:00:00-04:00,87.97000122070312,90.02999877929688,86.7300033569336,88.91000366210938,35498,0.0,0.0
2026-08-12 00:00:00-04:00,89.2699966430664,90.06999969482422,88.12000274658203,88.9800033569336,35263,0.0,0.0
2026-08-13 00:00:00-04:00,88.47000122070312,89.0199966430664,85.87000274658203,87.06999969482422,28399,0.0,0.0
2026-08-14 00:00:00-04:00,86.87999725341797,88.79000091552734,86.44000244140625,88.5199966430664,29003,0.0,0.0
2026-08-17 00:00:00-04:00,88.72000122070312,91.19000244140625,88.02999877929688,90.87000274658203,33602,0.0,0.0
2026-08-18 00:00:00-04:00,91.31999969482422,92.01000213623047,90.62000274658203,91.0199966430664,33602,0.0,0.0
2026-08-19 00:00:00-04:00,91.30999755859375,92.80000305175781,90.41999816894531,92.20999908447266,22123,0.0,0.0
